"","species","comm"
"1","Bacteroides fragilis","2_2_1"
"2","Bacteroides thetaiotaomicron","2_2_1"
"3","Bacteroides uniformis","2_2_1"
"4","Phocaeicola vulgatus","2_2_1"
"5","Parabacteroides distasonis","2_2_1"
"6","Bacteroides eggerthii","2_2_1"
"7","Bacteroides ovatus","2_2_1"
"8","Prevotella denticola","2_2_1"
"9","Parabacteroides merdae","2_2_1"
"10","Bacteroides stercoris","2_2_1"
"11","Bacteroides caccae","2_2_1"
"12","Prevotella bryantii","2_2_1"
"13","Prevotella albensis","2_2_1"
"14","Prevotella copri CAG:164","2_2_1"
"15","Bacteroides cellulosilyticus","2_2_1"
"16","Phocaeicola plebeius","2_2_1"
"17","Phocaeicola coprocola","2_2_1"
"18","Bacteroides intestinalis","2_2_1"
"19","Bacteroides finegoldii","2_2_1"
"20","Phocaeicola dorei","2_2_1"
"21","Prevotella stercorea","2_2_1"
"22","Bacteroides xylanisolvens","2_2_1"
"23","Phocaeicola coprophilus","2_2_1"
"24","Parabacteroides johnsonii","2_2_1"
"25","Paraprevotella xylaniphila","2_2_1"
"26","Bacteroides sp. 1_1_30","2_2_1"
"27","Bacteroides sp. 3_1_23","2_2_1"
"28","Bacteroides sp. 3_1_33FAA","2_2_1"
"29","Bacteroides sp. 4_1_36","2_2_1"
"30","Bacteroides sp. 4_3_47FAA","2_2_1"
"31","Bacteroides sp. 1_1_14","2_2_1"
"32","Bacteroides sp. 2_1_22","2_2_1"
"33","Bacteroides sp. 2_2_4","2_2_1"
"34","Parabacteroides sp. 20_3","2_2_1"
"35","Bacteroides sp. 3_1_40A","2_2_1"
"36","Bacteroides sp. D1","2_2_1"
"37","Parabacteroides sp. D13","2_2_1"
"38","Bacteroides sp. D20","2_2_1"
"39","Bacteroides sp. D22","2_2_1"
"40","Bacteroides clarus","2_2_1"
"41","Bacteroides fluxus","2_2_1"
"42","Bacteroides faecichinchillae","2_2_1"
"43","Bacteroides sp. CAG:1076","2_2_1"
"44","Bacteroides sp. CAG:189","2_2_1"
"45","Bacteroides sp. CAG:443","2_2_1"
"46","Bacteroides sp. CAG:530","2_2_1"
"47","Bacteroides sp. CAG:598","2_2_1"
"48","Bacteroides sp. CAG:633","2_2_1"
"49","Bacteroides sp. CAG:702","2_2_1"
"50","Bacteroides sp. CAG:714","2_2_1"
"51","Bacteroides sp. CAG:754","2_2_1"
"52","Bacteroides sp. CAG:875","2_2_1"
"53","Bacteroides sp. CAG:927","2_2_1"
"54","Bacteroides sp. CAG:98","2_2_1"
"55","Parabacteroides sp. CAG:409","2_2_1"
"56","Prevotella sp. CAG:1092","2_2_1"
"57","Prevotella sp. CAG:1320","2_2_1"
"58","Prevotella sp. CAG:279","2_2_1"
"59","Prevotella sp. CAG:474","2_2_1"
"60","Prevotella sp. CAG:520","2_2_1"
"61","Prevotella sp. CAG:592","2_2_1"
"62","Prevotella sp. CAG:604","2_2_1"
"63","Prevotella sp. CAG:732","2_2_1"
"64","Prevotella sp. CAG:891","2_2_1"
"65","Prevotella sp. CAG:924","2_2_1"
"66","Bacteroides caecimuris","2_2_1"
"67","Mediterranea massiliensis","2_2_1"
"68","Prevotellamassilia timonensis","2_2_1"
"69","Parabacteroides sp. CT06","2_2_1"
"70","Bacteroides sp. A1C1","2_2_1"
"71","Pseudomonas fragi","4_4_4"
"72","Pseudomonas tolaasii","4_4_4"
"73","Pseudomonas avellanae","4_4_4"
"74","Pseudomonas azotoformans","4_4_4"
"75","Pseudomonas synxantha","4_4_4"
"76","Pseudomonas mandelii","4_4_4"
"77","Duganella zoogloeoides","4_4_4"
"78","Pseudomonas orientalis","4_4_4"
"79","Pseudomonas lundensis","4_4_4"
"80","Pseudomonas frederiksbergensis","4_4_4"
"81","Pseudomonas sp. B10","4_4_4"
"82","Pseudomonas brenneri","4_4_4"
"83","Pseudomonas extremorientalis","4_4_4"
"84","Pseudomonas umsongensis","4_4_4"
"85","Pseudomonas trivialis","4_4_4"
"86","Pseudomonas poae","4_4_4"
"87","Pseudomonas antarctica","4_4_4"
"88","Pseudomonas lurida","4_4_4"
"89","Pseudomonas reinekei","4_4_4"
"90","Acinetobacter harbinensis","4_4_4"
"91","Pseudomonas sp. TKP","4_4_4"
"92","Janthinobacterium sp. 1_2014MBL_MicDiv","4_4_4"
"93","Pseudomonas sp. MYb193","4_4_4"
"94","Pseudomonas sp. Z003-0.4C(8344-21)","4_4_4"
"95","Pseudomonas sp. TMW 2.1634","4_4_4"
"96","Janthinobacterium sp. LM6","4_4_4"
"97","Pseudomonas sp. RU47","4_4_4"
"98","Pseudomonas sp. ACM7","4_4_4"
"99","Pseudomonas sp. S09G 359","4_4_4"
"100","Pseudomonas sp. DTU12.3","4_4_4"
"101","Pseudomonas sp. LG1D9","4_4_4"
"102","Pseudomonas sp. LBUM920","4_4_4"
"103","Pseudomonas sp. 31-12","4_4_4"
"104","Pseudomonas sp. LG1E9","4_4_4"
"105","Pseudomonas sp. MPC6","4_4_4"
"106","Pseudomonas sp. NIBRBAC000502773","4_4_4"
"107","[Clostridium] symbiosum","3_3_2"
"108","Tyzzerella nexilis","3_3_2"
"109","Amedibacillus dolichus","3_3_2"
"110","Faecalitalea cylindroides","3_3_2"
"111","Eubacterium ramulus","3_3_2"
"112","Johnsonella ignava","3_3_2"
"113","Blautia hydrogenotrophica","3_3_2"
"114","Holdemania filiformis","3_3_2"
"115","Pseudoflavonifractor capillosus","3_3_2"
"116","Coprococcus catus","3_3_2"
"117","Anaerotignum lactatifermentans","3_3_2"
"118","Marvinbryantia formatexigens","3_3_2"
"119","Enterocloster bolteae","3_3_2"
"120","Subdoligranulum variabile","3_3_2"
"121","Acetivibrio ethanolgignens","3_3_2"
"122","Enterocloster asparagiformis","3_3_2"
"123","Mediterraneibacter glycyrrhizinilyticus","3_3_2"
"124","Clostridium sp. M62/1","3_3_2"
"125","Erysipelotrichaceae bacterium 2_2_44A","3_3_2"
"126","Erysipelotrichaceae bacterium 6_1_45","3_3_2"
"127","Butyricicoccus pullicaecorum","3_3_2"
"128","Clostridium sp. D5","3_3_2"
"129","Clostridium sp. HGF2","3_3_2"
"130","Fournierella massiliensis","3_3_2"
"131","Massilioclostridium coli","3_3_2"
"132","Merdibacter massiliensis","3_3_2"
"133","Negativibacillus massiliensis","3_3_2"
"134","Traorella massiliensis","3_3_2"
"135","Massilistercora timonensis","3_3_2"
"136","Acinetobacter baumannii","6_7_10"
"137","Acinetobacter lwoffii","6_7_10"
"138","Acinetobacter haemolyticus","6_7_10"
"139","Acinetobacter johnsonii","6_7_10"
"140","Acinetobacter radioresistens","6_7_10"
"141","Acinetobacter pittii","6_7_10"
"142","Acinetobacter venetianus","6_7_10"
"143","Acinetobacter nosocomialis","6_7_10"
"144","Acinetobacter ursingii","6_7_10"
"145","Acinetobacter schindleri","6_7_10"
"146","Acinetobacter gerneri","6_7_10"
"147","Acinetobacter tandoii","6_7_10"
"148","Acinetobacter soli","6_7_10"
"149","Acinetobacter indicus","6_7_10"
"150","Acinetobacter sp. NCu2D-2","6_7_10"
"151","Acinetobacter sp. ACNIH1","6_7_10"
"152","Acinetobacter sp. ACNIH2","6_7_10"
"153","Acinetobacter sp. WCHAc010034","6_7_10"
"154","Acinetobacter wuhouensis","6_7_10"
"155","Acinetobacter sp. WCHA45","6_7_10"
"156","Acinetobacter sp. WCHA55","6_7_10"
"157","Acinetobacter sp. WCHAc010052","6_7_10"
"158","Acinetobacter chinensis","6_7_10"
"159","Acinetobacter cumulans","6_7_10"
"160","Marinobacter sp. JH2","6_7_10"
"161","Alistipes putredinis","7_6_13"
"162","Odoribacter splanchnicus","7_6_13"
"163","Alistipes finegoldii","7_6_13"
"164","Alistipes onderdonkii","7_6_13"
"165","Alistipes shahii","7_6_13"
"166","Barnesiella intestinihominis","7_6_13"
"167","Alistipes sp. HGB5","7_6_13"
"168","Acetobacter sp. CAG:267","7_6_13"
"169","Alistipes sp. CAG:268","7_6_13"
"170","Alistipes sp. CAG:29","7_6_13"
"171","Alistipes sp. CAG:53","7_6_13"
"172","Bacteroides sp. CAG:144","7_6_13"
"173","Bacteroides sp. CAG:20","7_6_13"
"174","Bacteroides sp. CAG:545","7_6_13"
"175","Bacteroides sp. CAG:709","7_6_13"
"176","Bacteroides sp. CAG:770","7_6_13"
"177","Tannerella sp. CAG:51","7_6_13"
"178","Proteobacteria bacterium CAG:495","7_6_13"
"179","Alistipes senegalensis","7_6_13"
"180","Alistipes timonensis","7_6_13"
"181","Alistipes ihumii","7_6_13"
"182","Alistipes dispar","7_6_13"
"183","Aeromonas hydrophila","8_5_5"
"184","Aeromonas caviae","8_5_5"
"185","Aeromonas media","8_5_5"
"186","Arcobacter butzleri","8_5_5"
"187","Arcobacter skirrowii","8_5_5"
"188","Aeromonas simiae","8_5_5"
"189","Arcobacter cibarius","8_5_5"
"190","Aeromonas molluscorum","8_5_5"
"191","Aeromonas fluvialis","8_5_5"
"192","Arcobacter trophiarum","8_5_5"
"193","Aeromonas rivipollensis","8_5_5"
"194","Clostridium sp. CAG:306","8_5_5"
"195","Aeromonas sp. ASNIH1","8_5_5"
"196","Aeromonas sp. ASNIH2","8_5_5"
"197","Aeromonas sp. ASNIH3","8_5_5"
"198","Aeromonas sp. ASNIH4","8_5_5"
"199","Aeromonas sp. ASNIH5","8_5_5"
"200","Aeromonas sp. ASNIH7","8_5_5"
"201","Shewanella bicestrii","8_5_5"
"202","Citrobacter sp. CF971","8_5_5"
"203","Micrococcus luteus","1_1_3"
"204","Microvirgula aerodenitrificans","1_1_3"
"205","Propionispora vibrioides","1_1_3"
"206","Desulfovibrio magneticus","1_1_3"
"207","Desulfovibrio putealis","1_1_3"
"208","Bacteroides sp. 3_2_5","1_1_3"
"209","Fusobacterium sp. CAG:815","1_1_3"
"210","Streptococcus sp. HSISM1","1_1_3"
"211","Citrobacter pasteurii","1_1_3"
"212","Turicibacter sp. H121","1_1_3"
"213","Anaerotruncus rubiinfantis","1_1_3"
"214","Streptococcus sp. FDAARGOS_192","1_1_3"
"215","Candidatus Melainabacteria bacterium MEL.A1","1_1_3"
"216","Aeromonas sp. CA23","1_1_3"
"217","Aeromonas sp. CU5","1_1_3"
"218","Phocea massiliensis","1_1_3"
"219","Streptococcus suis","10_9_9"
"220","Streptococcus dysgalactiae","10_9_9"
"221","Streptococcus ferus","10_9_9"
"222","Peptoclostridium acidaminophilum","10_9_9"
"223","Streptococcus macedonicus","10_9_9"
"224","Streptococcus ovis","10_9_9"
"225","Streptococcus orisratti","10_9_9"
"226","Streptococcus entericus","10_9_9"
"227","Streptococcus minor","10_9_9"
"228","Halolactibacillus miurensis","10_9_9"
"229","Streptococcus henryi","10_9_9"
"230","Streptococcus caballi","10_9_9"
"231","Streptococcus plurextorum","10_9_9"
"232","Streptococcus porci","10_9_9"
"233","Streptococcus varani","10_9_9"
"234","Streptococcus ruminantium","10_9_9"
"235","Holdemanella biformis","3_3_7"
"236","[Ruminococcus] torques","3_3_7"
"237","Dorea formicigenerans","3_3_7"
"238","Blautia obeum","3_3_7"
"239","Dorea longicatena","3_3_7"
"240","Lachnospiraceae bacterium 5_1_57FAA","3_3_7"
"241","Fusicatenibacter saccharivorans","3_3_7"
"242","Blautia sp. CAG:37","3_3_7"
"243","Ruminococcus sp. CAG:55","3_3_7"
"244","Ruminococcus sp. CAG:9","3_3_7"
"245","Lachnospiraceae bacterium Choco86","3_3_7"
"246","Clostridium sporogenes","14_3_7"
"247","Lactobacillus ruminis","14_3_7"
"248","Anaerobutyricum hallii","14_3_7"
"249","Anaerostipes hadrus","14_3_7"
"250","Lachnospiraceae bacterium 5_1_63FAA","14_3_7"
"251","Blautia sp. CAG:237","14_3_7"
"252","Blautia sp. CAG:52","14_3_7"
"253","Dorea sp. CAG:105","14_3_7"
"254","Roseburia sp. CAG:471","14_3_7"
"255","Firmicutes bacterium CAG:270","14_3_7"
"256","Clostridium sp. CAG:1000","21_26_8"
"257","Clostridium sp. CAG:302","21_26_8"
"258","Clostridium sp. CAG:356","21_26_8"
"259","Clostridium sp. CAG:524","21_26_8"
"260","Clostridium sp. CAG:533","21_26_8"
"261","Clostridium sp. CAG:628","21_26_8"
"262","Clostridium sp. CAG:710","21_26_8"
"263","Mycoplasma sp. CAG:611","21_26_8"
"264","Firmicutes bacterium CAG:321","21_26_8"
"265","Firmicutes bacterium CAG:460","21_26_8"
